mataura,NZ,34.38,168.86,-46.19,1533838064,85,8,5.95
ushuaia,AR,46.4,-68.31,-54.81,1533837600,61,40,16.11
shenzhen,CN,86,114.05,22.54,1533837600,74,40,13.87
vaini,IN,67.5,74.49,15.34,1533838065,100,100,4.61
ganzhou,CN,75.87,114.93,25.86,1533838065,99,32,1.7
jamestown,AU,53.37,138.6,-33.21,1533838066,48,0,21.27
new norfolk,AU,51.8,147.06,-42.78,1533835800,66,75,14.99
hilo,US,75.2,-155.08,19.71,1533833760,88,40,4.7
bluff,AU,40.86,149.07,-23.58,1533838067,82,0,3.04
banda aceh,ID,76.95,95.32,5.56,1533838067,89,48,4.72
zaraza,VE,87.3,-65.33,9.35,1533838067,72,36,6.06
cape town,ZA,55.4,18.42,-33.93,1533834000,66,0,14.99
totma,RU,59.22,42.76,59.98,1533838068,82,36,6.17
milkovo,BG,84.2,24.68,41.53,1533837600,53,0,8.05
tasiilaq,GL,48.2,-37.64,65.61,1533837000,70,40,6.93
hithadhoo,MV,83.07,73.08,-0.6,1533838069,100,20,6.73
arraial do cabo,BR,80.6,-42.02,-22.97,1533834000,73,40,11.41
rikitea,PF,73.35,-134.97,-23.12,1533838069,100,88,18.14
ust-uda,RU,58.5,103.03,54.17,1533838069,91,92,6.51
carnarvon,ZA,40.41,22.13,-30.97,1533838069,61,0,13.22
busselton,AU,53.1,115.35,-33.64,1533837801,100,68,17.81
tuktoyaktuk,CA,41,-133.03,69.44,1533835080,80,75,8.05
portland,US,78.8,-122.67,45.52,1533837180,60,75,3.15
souillac,FR,71.6,-0.6,45.6,1533837600,53,0,12.75
ponta do sol,BR,70.65,-46,-20.63,1533838070,69,8,8.75
manzhouli,CN,56.16,117.43,49.6,1533838071,82,12,2.71
namibe,AO,66.15,12.15,-15.19,1533838071,98,24,10.42
plettenberg bay,ZA,56.52,23.37,-34.05,1533838071,100,88,13.78
funadhoo,MV,84.6,73.27,6.15,1533838072,93,68,13
kapaa,US,77,-159.32,22.08,1533833760,88,90,13.87
padang,ID,82.62,100.36,-0.92,1533838072,100,24,6.62
bethel,US,51.8,-161.76,60.79,1533835800,93,90,6.93
ponta delgada,PT,71.6,-25.67,37.73,1533835800,73,20,8.05
norman wells,CA,46.4,-126.83,65.28,1533834000,100,90,8.05
vostok,RU,62.28,135.83,46.45,1533838073,82,80,2.04
cidreira,BR,53.55,-50.22,-30.17,1533838074,93,48,23.29
klaksvik,FO,51.8,-6.59,62.23,1533837000,81,76,13.87
punta arenas,CL,50,-70.91,-53.16,1533834000,53,40,4.7
mount darwin,ZW,72.18,31.58,-16.77,1533838074,36,0,10.54
westport,IE,57.2,-9.52,53.8,1533837600,62,40,12.75
pevek,RU,34.65,170.27,69.7,1533838075,100,8,6.51
yulara,AU,41,130.99,-25.24,1533834000,41,0,1.12
nerchinskiy zavod,RU,54.27,119.61,51.31,1533838075,100,0,2.37
thompson,CA,80.6,-97.86,55.74,1533835020,51,75,11.41
naze,NG,75.2,7.07,5.43,1533834000,94,75,3.36
carutapera,BR,83.88,-46.02,-1.2,1533838010,75,36,8.75
morristown,US,78.8,-83.29,36.21,1533836100,78,75,5.82
airai,TL,63.36,125.41,-8.93,1533838076,98,0,1.92
albany,US,84.2,-73.75,42.65,1533837060,51,40,14.99
labuhan,ID,72.09,115.51,-2.54,1533838077,87,44,2.04
pastavy,BY,73.98,26.84,55.11,1533838077,62,0,8.08
port elizabeth,US,91.4,-74.98,39.31,1533837240,55,20,10.29
saint george,GR,82.4,22.34,39.45,1533835200,42,20,6.93
mount isa,AU,41,139.49,-20.73,1533835800,41,0,8.52
plouzane,FR,66.2,-4.62,48.38,1533835800,59,40,12.75
qaanaaq,GL,36.45,-69.36,77.48,1533838079,97,24,1.48
soubre,CI,75.51,-6.61,5.79,1533838079,83,88,5.17
severo-kurilsk,RU,49.5,156.12,50.68,1533838079,100,44,3.38
honiara,SB,75.2,159.96,-9.43,1533834000,94,20,2.71
hermanus,ZA,48.69,19.24,-34.42,1533838079,78,68,6.4
kavieng,PG,82.53,150.8,-2.57,1533838080,100,24,6.62
merauke,ID,73.71,140.4,-8.49,1533838080,97,0,15.23
tehri,IN,61.38,78.48,30.38,1533838080,100,64,0.13
madoc,CA,82.4,-79.75,43.71,1533834000,58,20,13.87
hasaki,JP,80.6,140.83,35.73,1533835800,88,20,8.05
torbay,CA,62.6,-52.73,47.66,1533834000,67,75,6.93
hobart,AU,51.8,147.33,-42.88,1533835800,66,75,14.99
atuona,PF,80.46,-139.03,-9.8,1533838081,97,88,16.13
bathsheba,BB,86,-59.52,13.22,1533834000,62,20,13.87
port alfred,ZA,55.53,26.89,-33.59,1533838082,100,92,10.2
fortuna,ES,89.6,-1.13,38.18,1533837600,49,0,5.82
barrow,AR,50.04,-60.23,-38.31,1533838082,100,0,10.09
saint-philippe,CA,80.6,-73.48,45.36,1533837300,61,40,5.82
bubaque,GW,73.4,-15.83,11.28,1533834000,100,75,10.29
najran,SA,93.2,44.22,17.54,1533834000,13,5,9.17
guanica,PR,86,-66.91,17.97,1533833400,66,40,12.75
maracacume,BR,85.14,-45.96,-2.04,1533838083,72,48,5.61
beringovskiy,RU,44.82,179.32,63.05,1533838083,100,44,15.23
oktyabrskiy,RU,69.8,37.97,55.61,1533835800,52,0,2.24
vero beach,US,91.4,-80.4,27.64,1533836820,62,40,9.17
berezovyy,RU,60.84,135.7,51.67,1533838084,97,92,2.71
wum,CM,64.98,10.08,6.39,1533838084,100,92,2.59
tiksi,RU,44.46,128.87,71.64,1533838085,95,0,2.59
poroshkovo,UA,80.6,22.75,48.67,1533834000,54,44,4.47
georgetown,GY,89.6,-58.16,6.8,1533834000,59,75,6.93
sept-iles,CA,62.6,-66.38,50.2,1533836280,88,90,11.41
bambous virieux,MU,69.8,57.76,-20.34,1533834000,77,20,2.24
thinadhoo,MV,83.52,72.93,0.53,1533838086,100,80,4.72
gizo,IL,84.2,34.94,31.8,1533835200,74,20,4.7
lebu,ET,51.66,38.73,8.96,1533838087,66,0,2.93
coquimbo,CL,55.4,-71.34,-29.95,1533834000,76,90,13.87
kourou,GF,89.6,-52.64,5.16,1533835800,66,0,13.87
ribeira grande,PT,77,-28.7,38.52,1533835800,73,40,6.93
cuamba,MZ,66.6,36.54,-14.8,1533838088,43,0,4.38
cayenne,GF,89.6,-52.33,4.94,1533835800,66,0,13.87
guerrero negro,MX,89.1,-114.04,27.97,1533838088,52,20,4.61
longyearbyen,NO,42.8,15.63,78.22,1533837000,87,75,9.17
vryburg,ZA,57.96,24.73,-26.96,1533838089,29,92,9.75
kodiak,US,89.6,-94.76,39.95,1533837180,55,1,4.7
ostrow mazowiecka,PL,85.05,21.9,52.8,1533838089,47,80,11.54
mahebourg,MU,69.8,57.7,-20.41,1533834000,77,20,2.24
mount vernon,US,89.6,-73.84,40.91,1533837360,54,40,9.17
tromso,NO,57.2,18.96,69.65,1533837000,93,75,5.82
belmonte,PT,74.43,-7.35,40.36,1533838090,35,0,9.64
caravelas,BR,77.13,-39.27,-17.73,1533838091,100,0,11.43
ulaangom,MN,45.72,92.07,49.98,1533838091,77,36,1.7
saint albans,US,84.2,-73.08,44.81,1533837180,37,1,10.29
vao,EE,75.96,26.19,59.1,1533838091,58,64,7.52
ladario,PT,70.83,-7.74,40.7,1533838091,50,0,3.04
hofn,IS,57.2,-15.21,64.25,1533834000,54,75,10.29
saldanha,PT,75.6,-6.55,41.42,1533838092,39,0,3.6
luderitz,NA,55.71,15.16,-26.65,1533838092,73,0,18.14
buraydah,SA,104,43.97,26.33,1533834000,20,0,10.29
payo,ID,74.97,103.64,-3.75,1533838093,86,36,6.06
astoria,US,60.8,-123.83,46.19,1533837300,100,90,2.59
lalsot,IN,84.2,76.33,26.56,1533835800,79,75,4.7
iqaluit,CA,42.8,-68.52,63.75,1533834000,87,75,17.22
moyale,ET,64.89,39.05,3.52,1533838094,79,0,3.04
chokurdakh,RU,38.07,147.9,70.62,1533838094,79,0,10.98
husavik,CA,78.84,-96.99,50.56,1533838094,80,0,3.71
ponnani,IN,77,75.93,10.77,1533837600,83,75,5.82
bilma,NE,96.21,12.92,18.69,1533838094,28,20,7.74
nelson bay,AU,37.4,152.14,-32.72,1533835800,93,40,3.36
kahului,US,75.2,-156.47,20.89,1533835260,100,1,5.82
ugoofaaru,MV,84.6,73,5.67,1533838095,94,64,12.1
san martin,US,73.4,-121.61,37.08,1533836100,53,1,2.93
puerto ayora,EC,77,-90.35,-0.74,1533834000,69,40,21.92
graham,US,87.8,-79.4,36.07,1533837240,55,20,8.05
barcelos,PT,68,-8.62,41.53,1533835800,60,0,16.11
clyde river,CA,42.8,-68.59,70.47,1533834000,81,75,17.22
dikson,RU,50.4,80.55,73.51,1533838097,79,100,17.58
vanavara,RU,47.25,102.28,60.35,1533838097,92,0,2.71
prieska,ZA,46.35,22.74,-29.67,1533838097,27,0,7.4
northam,GB,66.2,-4.21,51.04,1533837000,52,40,10.29
borovskoy,KZ,65.43,64.15,53.8,1533838097,53,0,5.5
manicore,BR,87.21,-61.3,-5.81,1533838090,65,64,2.59
hamilton,CA,82.4,-79.87,43.26,1533834000,61,40,12.75
alice springs,AU,53.6,133.88,-23.7,1533835800,23,0,5.82
jackson,US,84.2,-88.82,35.61,1533837360,78,90,6.93
beyneu,KZ,70.38,55.19,45.32,1533838099,73,100,12.44
mont-dore,NC,66.2,166.53,-22.23,1533835800,68,0,3.36
marseille,FR,73.4,5.37,43.3,1533835800,83,12,6.93
sekovici,BA,82.4,18.85,44.3,1533835800,61,20,2.24
constitucion,MX,71.6,-104.67,23.99,1533832980,49,20,3.36
menomonie,US,87.8,-91.92,44.88,1533837360,51,1,3.36
manokwari,ID,81.36,134.08,-0.87,1533838100,100,68,1.59
gombong,ID,67.77,109.31,-7.19,1533838100,98,44,2.37
itarema,BR,89.19,-39.92,-2.92,1533838101,57,44,12.55
trinidad,UY,55.4,-56.9,-33.52,1533834000,58,75,17.22
butaritari,KI,82.08,172.79,3.07,1533838101,100,48,7.96
sola,FI,77,29.36,62.78,1533837000,53,0,8.05
vardo,US,87.8,-77.74,39.62,1533837300,48,40,6.93
egvekinot,RU,33.12,-179.17,66.32,1533838102,78,80,7.07
menongue,AO,68.13,17.68,-14.66,1533838102,54,8,1.92
nouadhibou,MR,78.8,-17.03,20.93,1533834000,65,0,17.22
bredasdorp,ZA,51.8,20.04,-34.53,1533834000,71,48,5.82
vila,IT,73.4,8.4,45.18,1533835200,83,0,11.41
praia da vitoria,PT,75.2,-27.07,38.73,1533834000,78,40,6.06
cockburn town,TC,81.72,-71.14,21.46,1533837881,100,0,11.77
sechura,PE,71.82,-80.82,-5.56,1533838104,87,0,12.77
pangnirtung,CA,57.2,-65.72,66.15,1533835980,62,90,14.99
amapa,HN,86,-87.97,15.09,1533837600,84,40,3.36
lavrentiya,RU,45.36,-170.99,65.58,1533838104,96,92,26.31
bar-le-duc,FR,69.8,5.16,48.77,1533835800,77,64,10.29
chuy,UY,55.53,-53.46,-33.69,1533837911,83,100,28.77
vangaindrano,MG,66.42,47.6,-23.35,1533838105,99,92,4.05
nanortalik,GL,44.1,-45.24,60.14,1533838105,100,100,1.92
provideniya,RU,47.34,-173.23,64.42,1533838106,100,88,5.06
emba,CY,82.4,32.42,34.81,1533837600,94,0,5.82
tazmalt,DZ,84.2,4.4,36.39,1533834000,74,75,11.41
verkhnevilyuysk,RU,51.3,120.31,63.45,1533838106,100,92,2.59
gravdal,NO,59,5.78,59.79,1533837000,93,75,5.82
novoagansk,RU,58.5,76.66,61.94,1533838107,79,92,4.16
harper,US,91.4,-99.24,30.3,1533837300,33,1,4.5
nikolskoye,RU,77,30.79,59.7,1533835800,53,0,6.71
victoria,BN,78.8,115.24,5.28,1533835800,94,75,6.96
yaritagua,VE,80.6,-69.12,10.08,1533834300,65,40,5.82
semnan,IR,74.7,53.39,35.58,1533837944,29,0,3.38
bundaberg,AU,61.74,152.35,-24.87,1533838108,100,0,10.76
novosergiyevka,RU,56.25,53.65,52.08,1533838109,68,8,11.99
avarua,CK,62.6,-159.78,-21.21,1533834000,100,20,3.36
porbandar,IN,78.3,69.61,21.64,1533838110,93,92,10.09
cairns,AU,60.8,145.77,-16.92,1533835800,87,20,11.41
horsham,AU,51.3,142.2,-36.71,1533837967,81,92,19.26
iberia,PE,81,-69.49,-11.41,1533838110,69,32,4.38
olinda,EC,78.8,-79.75,-2.03,1533834000,61,75,4.7
mandalgovi,MN,61.92,106.27,45.76,1533838111,96,68,6.96
yanam,IN,77.22,82.22,16.73,1533838111,90,32,9.42
gopalpur,IN,82.26,86.94,25.6,1533838112,88,76,6.96
eyl,SO,81.99,49.82,7.98,1533838043,68,24,25.08
gorshechnoye,RU,65.34,38.03,51.52,1533838112,42,0,9.98
imeni poliny osipenko,RU,60.93,136.49,52.42,1533838112,84,76,6.17
castro,CL,47.52,-73.76,-42.48,1533838113,100,100,3.6
saskylakh,RU,53.1,114.09,71.97,1533838113,83,0,3.38
emerald,AU,40.32,148.16,-23.53,1533838113,84,0,2.93
sukhobezvodnoye,RU,58.32,44.89,57.05,1533838114,60,12,4.16
barra do garcas,BR,93.2,-52.26,-15.89,1533834000,34,20,5.82
sao jose da coroa grande,BR,76.86,-35.15,-8.9,1533838114,86,76,10.42
umm lajj,SA,84.78,37.27,25.02,1533838114,89,24,3.04
lensk,RU,49.95,114.91,60.71,1533838115,78,76,2.71
raudeberg,NO,64.4,5.14,61.99,1533837000,72,40,11.41
meulaboh,ID,79.38,96.13,4.14,1533838115,100,24,0.58
turukhansk,RU,56.07,87.96,65.8,1533838115,100,64,9.42
kandrian,PG,73.62,149.55,-6.21,1533838116,97,68,5.5
todos santos,MX,87.8,-110.23,23.45,1533833100,70,75,11.41
mehamn,NO,50,27.85,71.03,1533837000,100,75,18.34
urucara,BR,94.95,-57.76,-2.54,1533838116,40,12,5.06
hwange,ZW,74.7,26.5,-18.35,1533838116,29,0,12.1
tuatapere,NZ,43.2,167.69,-46.13,1533838117,100,24,8.97
yarada,IN,80.73,83.27,17.65,1533838117,100,64,17.47
bluefields,NI,86,-83.77,12.01,1533834000,84,75,9.17
pisco,PE,64.4,-76.2,-13.71,1533834000,72,90,11.41
marsa matruh,EG,82.4,27.25,31.35,1533834000,74,0,9.17
makubetsu,JP,63,143.34,42.84,1533838118,99,100,6.51
san cristobal,EC,57.2,-78.55,-0.39,1533834000,71,75,23.04
talcahuano,CL,57.2,-73.12,-36.72,1533834000,58,0,5.82
cabedelo,BR,75.2,-34.84,-6.97,1533834000,88,75,12.75
marquette,US,75.2,-87.4,46.54,1533833760,57,5,5.82
eisiskes,LT,75.2,25,54.17,1533837000,53,0,8.05
flinders,AU,44.6,150.85,-34.58,1533834000,81,0,8.05
roald,NO,64.4,6.12,62.58,1533837000,59,40,4.7
liberty,US,84.2,-84.93,39.64,1533837360,54,1,5.82
bandarbeyla,SO,80.1,50.81,9.49,1533838120,85,36,34.81
zeya,RU,53.01,127.27,53.74,1533838121,100,32,2.04
warrenton,ZA,52.11,24.85,-28.11,1533838121,43,68,3.49
severodvinsk,RU,66.2,39.82,64.56,1533835800,72,75,4.47
ambilobe,MG,75.24,49.05,-13.19,1533838121,50,0,14
luzhou,CN,76.5,105.45,28.89,1533838122,88,64,2.93
san juan,PR,87.8,-66.12,18.47,1533833760,74,40,16.11
kruisfontein,ZA,55.89,24.73,-34,1533838123,100,92,13.44
peterhead,AU,59,138.5,-34.83,1533835800,69,0,18.34
bilibino,RU,34.92,166.44,68.06,1533838124,80,0,2.48
tallahassee,US,89.6,-84.28,30.44,1533836100,88,90,9.17
sabang,PH,81.72,123.58,13.72,1533838124,88,88,13.44
talara,PE,75.2,-81.27,-4.58,1533834000,64,0,16.11
san pedro,AR,54.36,-59.66,-33.68,1533838126,78,8,13.78
shache,CN,77.85,77.24,38.42,1533838126,49,48,7.96
poum,MK,75.2,20.71,41.28,1533834000,57,40,5.82
vilhena,BR,78.8,-60.15,-12.74,1533834000,61,0,11.41
shaunavon,CA,90.18,-108.41,49.65,1533838127,24,0,4.61
sanwer,IN,74.52,75.83,22.97,1533838127,90,88,11.65
buala,SB,77.49,159.59,-8.15,1533838127,100,88,8.19
geraldton,CA,73.4,-86.95,49.72,1533834000,64,75,8.05
burgeo,CA,59.4,-57.61,47.61,1533838128,97,88,10.54
akoupe,CI,74.16,-3.9,6.39,1533838128,96,68,3.6
calmar,CA,75.2,-113.81,53.27,1533834000,53,75,2.24
jalu,LY,103.5,21.55,29.03,1533838129,17,44,9.53
muyezerskiy,RU,73.89,31.65,63.93,1533838129,55,48,11.77
proletarskiy,RU,66.2,35.77,50.79,1533835800,52,0,4.47
gambela,ET,65.88,34.59,8.25,1533838129,78,8,2.48
swan river,CA,81.9,-101.27,52.11,1533838130,60,0,5.17
sur,OM,80.91,59.53,22.57,1533838130,99,76,6.73
hatillo,PR,86,-66.83,18.49,1533833400,66,40,12.75
murgab,TM,86,61.97,37.5,1533834000,33,0,4.7
zelenoborskiy,RU,70.56,32.36,66.84,1533838131,63,64,15.23
coari,BR,89.37,-63.14,-4.09,1533838131,64,0,5.61
bara,NG,76.05,10.6,10.41,1533838131,88,64,3.15
goderich,CA,73.35,-81.71,43.74,1533838132,90,80,11.77
la ronge,CA,78.8,-105.3,55.1,1533834000,50,5,10.29
takoradi,GH,77.85,-1.75,4.89,1533838132,93,0,9.19
sovetskiy,RU,54.72,48.47,56.76,1533838132,68,0,7.4
sao joao da barra,BR,82.4,-41.05,-21.64,1533834000,58,40,5.82
general roca,AR,51.8,-67.58,-39.03,1533834000,40,0,11.41
honningsvag,NO,50,25.97,70.98,1533833400,93,75,11.41
sulangan,PH,82.98,123.72,11.14,1533838133,99,92,19.82
nikel,NO,51.8,30.21,69.41,1533837000,93,90,11.41
porto novo,BR,82.4,-45.44,-23.68,1533834000,42,40,13.87
qingdao,CN,80.6,120.35,36.09,1533834000,74,0,2.24
touros,BR,75.42,-35.46,-5.2,1533838134,97,76,15.01
newport,GB,64.4,-3,51.59,1533837000,59,0,20.8
grand gaube,MU,69.8,57.66,-20.01,1533834000,77,20,2.24
baculin,PH,79.65,126.58,7.45,1533838135,95,64,7.74
huilong,CN,73.8,110.18,28.89,1533838135,94,0,2.04
miraflores,CO,58.86,-73.14,5.2,1533838136,66,68,3.04
broager,DK,75.2,9.68,54.89,1533837000,64,32,10.29
isangel,VU,71.91,169.27,-19.55,1533838136,100,12,13.56
oranjemund,ZA,58.32,16.43,-28.55,1533838136,95,0,20.04
antigonish,CA,75.2,-61.99,45.62,1533834000,83,90,8.05
mar del plata,AR,53.1,-67.52,-46.43,1533838081,46,76,14.23
upernavik,GL,39.33,-56.15,72.79,1533838137,97,92,18.03
del rio,US,91.4,-100.9,29.36,1533837360,52,1,6.93
krasnyy,RU,59.76,40.7,53.81,1533838137,63,20,6.17
samarai,PG,76.68,150.67,-10.62,1533838138,100,80,14.56
palmer,US,55.4,-149.11,61.6,1533835740,87,90,2.15
troitsko-pechorsk,RU,59.22,56.19,62.71,1533838138,56,76,3.49
kosh-agach,RU,49.41,88.66,49.99,1533838139,71,68,3.6
kharp,RU,48.87,65.8,66.82,1533838139,90,0,8.08
abu kamal,SY,91.62,40.92,34.45,1533838139,23,0,10.54
wairoa,NZ,41.85,177.43,-39.04,1533838139,100,0,5.17
coihaique,CL,46.4,-72.07,-45.58,1533834000,70,75,2.24
launceston,AU,48.2,147.14,-41.43,1533835800,81,90,17.22
bitung,ID,75.2,125.19,1.44,1533837600,94,20,1.12
rio bonito,BR,80.6,-42.63,-22.71,1533834000,65,0,10.29
tevaitoa,PF,81.9,-151.5,-16.78,1533838140,91,88,9.98
chulym,RU,63.9,80.97,55.09,1533838141,65,0,9.64
lakhimpur,IN,76.32,94.1,27.24,1533838141,100,44,4.05
winburg,ZA,50.76,27.01,-28.52,1533838141,86,92,6.06
eyemouth,GB,62.6,-2.09,55.87,1533833400,67,68,9.17
khatanga,RU,57.6,102.47,71.98,1533838141,83,20,9.08
codrington,AU,39.69,153.24,-28.95,1533838142,93,0,2.71
imbituba,BR,64.4,-48.67,-28.24,1533834900,52,20,28.86
razdolinsk,RU,52.92,94.62,58.42,1533838142,88,0,2.15
gao,ML,84.96,-0.04,16.28,1533838142,85,0,3.49
winneba,GH,80.6,-0.62,5.35,1533834000,74,20,20.8
eirunepe,BR,90.09,-69.87,-6.66,1533838143,62,20,3.04
phalombe,MW,67.68,35.65,-15.81,1533838143,41,0,6.96
belyy yar,RU,62.6,91.39,53.6,1533835800,67,0,2.24
pingdu,CN,80.6,119.95,36.79,1533834000,74,0,2.24
east london,ZA,55.4,27.91,-33.02,1533834000,82,75,5.82
alofi,NU,53.6,-169.92,-19.06,1533834000,93,0,1.12
sulya,IN,66.96,75.39,12.56,1533838144,100,100,1.7
faanui,PF,82.35,-151.75,-16.48,1533838144,92,76,8.97
ardesen,TR,73.4,40.99,41.19,1533835800,88,75,10.29
half moon bay,US,73.4,-122.43,37.46,1533836400,93,90,10.29
tomakomai,JP,69.8,141.6,42.65,1533835800,100,75,7.52
ocos,GT,91.4,-92.19,14.51,1533834000,49,20,6.93
mahibadhoo,MV,84.06,72.97,3.78,1533838145,97,76,10.42
usakos,NA,46.44,15.59,-22,1533838146,46,0,5.73
scornicesti,RO,75.2,24.55,44.57,1533835800,69,0,8.05
batemans bay,AU,40.5,150.18,-35.71,1533838146,100,0,5.17
lichinga,MZ,64.4,35.25,-13.3,1533834000,52,0,8.05
warri,NG,76.14,5.75,5.52,1533838147,89,92,8.75
spasskoye,RU,56.52,45.7,55.86,1533838147,67,0,6.06
quballat,TN,87.8,9.66,36.54,1533835800,52,20,10.29
pires do rio,BR,85.41,-48.28,-17.3,1533838148,57,24,7.52
coruripe,BR,79.02,-36.18,-10.12,1533838148,90,0,10.2
tapes,BR,52.29,-51.4,-30.67,1533838148,100,92,19.48
salalah,OM,78.8,54.1,17.01,1533833400,88,90,4.7
katsuura,JP,79.83,134.5,33.93,1533838149,87,68,1.03
sangerhausen,DE,80.6,11.3,51.47,1533837000,56,0,10.29
chivilcoy,AR,51.75,-60.02,-34.9,1533838149,100,20,9.64
puerto colombia,CO,91.4,-74.96,10.99,1533834000,70,75,4.7
lompoc,US,82.4,-120.46,34.64,1533836100,34,1,4.7
itarantim,BR,76.95,-40.06,-15.65,1533838150,73,24,6.06
uyo,NG,73.26,7.92,5.03,1533838150,100,88,6.73
wanning,AT,93.2,13.53,48.64,1533835200,24,20,4.7
porosozero,RU,73.8,32.71,62.72,1533838151,50,0,10.76
murbad,IN,80.6,73.43,19.14,1533837600,88,75,12.75
muscat,OM,82.4,58.55,23.6,1533833400,88,24,6.93
yar-sale,RU,51.75,70.83,66.83,1533838152,95,8,11.77
adrar,DZ,100.4,-0.29,27.87,1533834000,18,40,16.11
ravar,IR,67.14,56.81,31.27,1533838152,22,0,2.15
port hardy,CA,57.2,-127.42,50.7,1533834000,87,20,3.36
carmelo,UY,53.6,-58.28,-34,1533834000,62,75,10.29
san luis,AR,63.81,-66.34,-33.3,1533838153,26,0,4.94
moranbah,AU,40.05,148.04,-22,1533838153,76,0,4.94
atar,MR,100.17,-13.05,20.52,1533838154,25,20,3.49
mendi,ET,60.48,35.1,9.8,1533838154,88,8,2.37
ellisras,ZA,64.62,27.74,-23.67,1533838154,64,0,17.69
ayagoz,KZ,63.63,80.43,47.96,1533838154,49,0,4.05
cabo san lucas,MX,84.2,-109.91,22.89,1533833100,83,75,10.29
kaitangata,NZ,39.96,169.85,-46.28,1533838155,93,0,10.65
changping,CN,78.8,116.23,40.22,1533835800,94,0,2.24
ust-nera,RU,36.36,143.24,64.57,1533838155,100,0,2.48
vestmanna,FO,51.8,-7.17,62.16,1533837000,81,88,13.87
hualmay,PE,68.13,-77.61,-11.1,1533838156,74,0,5.95
oussouye,SN,80.6,-16.54,12.49,1533834000,94,75,6.93
pontes e lacerda,BR,72,-59.33,-15.23,1533838156,67,8,11.21
coahuayana,MX,75.42,-100.35,18.62,1533838156,80,64,3.04
vestmannaeyjar,IS,53.6,-20.27,63.44,1533834000,87,0,13.87
boone,US,84.2,-81.67,36.22,1533837300,53,1,10.29
hakkari,FI,75.2,23.75,61.34,1533837000,73,0,6.93
ximei,TW,80.6,120.51,23.74,1533834000,88,40,5.82
dicabisagan,PH,79.74,122.42,17.08,1533838157,100,92,7.74
aykhal,RU,49.41,111.51,65.95,1533838158,69,92,3.04
tual,ID,79.02,132.75,-5.67,1533838158,100,88,9.08
navrongo,GH,77.4,-1.09,10.89,1533838158,84,36,3.04
caceres,CO,84.06,-74.53,5.53,1533838158,53,0,3.49
sorong,ID,79.11,131.25,-0.86,1533838158,100,64,5.95
kaa-khem,RU,53.82,94.56,51.7,1533838159,73,0,2.71
amposta,ES,80.6,0.58,40.71,1533837600,78,40,5.82
tshikapa,CD,81.18,20.79,-6.42,1533838159,64,0,3.6
richards bay,ZA,55.98,32.06,-28.77,1533838159,100,92,3.6
beneditinos,BR,91.4,-42.36,-5.46,1533834000,38,40,4.7
ust-maya,RU,52.92,134.54,60.42,1533838160,100,0,2.48
esperance,TT,84.2,-61.45,10.24,1533836220,79,40,11.41
sioux lookout,CA,75.2,-91.92,50.1,1533834000,53,75,9.17
karratha,AU,60.03,116.85,-20.74,1533838161,68,0,12.21
sinop,TR,79.83,35.15,42.03,1533838161,92,44,12.21
alihe,CN,56.07,123.73,50.57,1533838161,96,0,4.16
demirci,TR,77.13,28.66,39.05,1533838161,40,0,7.18
herat,AF,87.8,62.22,34.35,1533833700,16,0,16.11
puerto del rosario,ES,78.8,-13.86,28.5,1533837600,73,20,20.8
port keats,AU,60.75,129.55,-14.25,1533838162,85,0,3.6
zwedru,LR,74.25,-8.13,6.07,1533838163,81,88,9.42
paamiut,GL,44.73,-49.67,61.99,1533838163,90,0,20.27
atambua,ID,72.72,124.89,-9.11,1533838163,100,0,6.96
ipixuna,BR,82.4,-48.8,-1.76,1533834000,83,75,6.93
sistranda,NO,60.8,8.83,63.73,1533837000,77,75,9.17
camacha,PT,73.4,-16.33,33.08,1533835800,56,20,14.99
mortka,RU,55.17,66.02,59.33,1533838164,100,100,8.75
williams lake,CA,75.2,-122.14,52.13,1533834000,33,75,6.93
kalabo,ZM,70.92,22.67,-15,1533838165,40,0,4.61
port blair,IN,79.65,92.75,11.67,1533838165,100,76,19.71
dudinka,RU,54.99,86.18,69.41,1533837974,100,92,15.23
mnogovershinnyy,RU,56.43,139.92,53.94,1533838165,97,92,2.48
guaruja,BR,82.4,-46.26,-23.99,1533834000,51,0,6.93
tipuani,BO,65.97,-68.02,-15.56,1533838166,82,76,2.04
anadyr,RU,33.8,177.51,64.73,1533834000,100,40,8.95
sinegorye,RU,47.16,150.53,62.09,1533838166,97,92,2.37
fairbanks,US,50,-147.72,64.84,1533833880,61,90,4.5
mingshui,CN,78.57,109.89,22.81,1533838167,75,0,4.5
foligno,IT,87.8,12.7,42.96,1533833400,48,20,6.93
benguela,AO,68.76,13.4,-12.58,1533838167,94,20,7.52
ajdabiya,LY,92.7,20.22,30.75,1533838167,25,0,10.98
college,US,50,-147.8,64.86,1533833880,61,90,4.5
mangan,IN,47.16,88.54,27.5,1533838168,86,76,0.69
berlevag,NO,48.2,29.09,70.86,1533837000,100,75,18.34
avera,US,91.4,-82.53,33.19,1533836100,59,40,3.36
teya,MX,84.2,-89.07,21.05,1533833220,70,75,12.75
muroto,JP,79.38,134.14,33.37,1533838169,100,64,3.71
astana,KZ,73.4,71.43,51.13,1533835800,56,0,11.18
lac du bonnet,CA,79.65,-96.06,50.25,1533838170,65,0,5.73
champerico,MX,84.2,-93.6,16.38,1533833280,62,40,4.7
pak phanang,TH,81.9,100.2,8.35,1533838170,96,80,11.65
acapulco,MX,86,-99.88,16.86,1533833160,70,40,6.93
pendleton,US,87.8,-82.78,34.65,1533837360,58,1,8.05
kautokeino,NO,58.95,23.04,69.01,1533837981,90,0,5.73
port lincoln,AU,59.22,135.86,-34.72,1533838171,82,44,20.71
shingu,JP,82.53,135.99,33.72,1533838171,95,12,7.63
saravena,CO,69.66,-71.88,6.96,1533838171,100,88,2.37
barabai,ID,72.27,115.38,-2.59,1533838172,94,56,1.92
uporovo,RU,61.11,66.27,56.31,1533838172,88,36,8.41
gafanha da encarnacao,PT,68,-8.73,40.62,1533835800,60,0,16.11
kizukuri,JP,69.48,140.39,40.81,1533838172,100,24,3.49
nizwa,OM,90,57.53,22.93,1533838173,25,92,6.51
lata,IN,61.38,78.62,30.78,1533838173,100,64,0.13
uusikaupunki,FI,73.4,21.41,60.8,1533837000,83,0,8.05
inhambane,MZ,69.8,35.38,-23.87,1533834000,83,75,3.36
kavaratti,IN,83.34,72.64,10.57,1533838174,93,92,19.15
saint anthony,US,82.4,-111.68,43.97,1533833760,36,1,3.94
skibbereen,IE,60.8,-9.27,51.55,1533837600,59,40,12.75
ukiah,US,75.2,-123.21,39.15,1533834600,47,90,2.48
florianopolis,BR,64.4,-48.55,-27.6,1533834900,52,20,28.86
rio grande,BR,57.2,-52.1,-32.03,1533834000,67,75,14.99
olavarria,AR,50.85,-60.32,-36.89,1533837990,100,8,7.63
norwich,GB,57.2,1.29,52.63,1533837360,93,40,5.82
bowen,AU,46.4,148.25,-20.01,1533834000,87,0,2.24
fare,PF,81.9,-151.02,-16.7,1533838176,91,88,9.98
whithorn,JM,89.6,-78.04,18.26,1533834000,70,40,23.04
pacifica,US,73.4,-122.49,37.61,1533836400,93,90,10.29
saint-pierre,FR,68,4.24,48.95,1533837600,87,75,14.99
lulea,SE,73.4,22.15,65.58,1533837000,43,0,6.93
mitchell,US,87.8,-98.03,43.71,1533837180,43,1,10.29
bremerton,US,89.6,-75.51,38.4,1533837000,55,40,8.05
la cruz,MX,93.15,-106.89,23.92,1533838178,63,0,3.94
fukue,JP,82.4,136.69,35.03,1533835800,78,75,2.24
altay,CN,51.12,88.13,47.83,1533838178,71,20,3.71
sitka,US,88.47,-99.65,37.17,1533838179,77,0,6.17
tabuk,PH,69.66,121.44,17.41,1533838179,94,100,1.7
cherskiy,RU,37.08,161.3,68.75,1533838179,85,0,2.93
linkuva,LT,80.6,23.97,56.09,1533837000,39,0,8.05
canoinhas,BR,60.66,-50.4,-26.18,1533838179,55,0,15.79
buribay,RU,59.31,58.16,51.96,1533838180,66,20,13.11
zorritos,PE,77,-80.68,-3.68,1533834000,69,40,11.41
zyryanka,RU,44.55,150.89,65.73,1533838180,81,8,5.06
tura,IN,80.28,90.21,25.52,1533838180,89,44,4.72
skelleftea,SE,73.4,20.95,64.75,1533837000,49,0,5.82
leningradskiy,RU,33.84,178.42,69.38,1533838181,100,88,12.66
tra vinh,VN,75.78,106.35,9.93,1533838181,99,92,9.64
linkoping,SE,78.8,15.62,58.41,1533837000,47,0,4.7
saint-joseph,FR,75.2,6.97,43.56,1533837600,94,24,2.24
jinotega,NI,78.8,-86,13.09,1533834000,74,40,6.93
isabela,PH,75.33,122.99,10.2,1533838182,91,76,4.38
kathu,ZA,57.78,23.05,-27.7,1533838032,14,92,12.77
sobreira,PT,68,-8.39,41.15,1533835800,60,0,16.11
bireun,ID,83.88,96.7,5.2,1533838183,100,92,6.51
kupang,ID,76.23,123.6,-10.16,1533838183,94,0,11.99
taywarah,AF,61.02,64.42,33.35,1533838184,66,32,1.92
oistins,BB,86,-59.53,13.07,1533834000,62,20,13.87
matveyevka,UA,71.73,33.81,45.75,1533838184,51,0,7.07
axim,GH,78.12,-2.24,4.87,1533838184,96,8,10.76
bogale,MM,76.95,95.4,16.29,1533838185,99,92,11.65
corralillo,CU,90,-80.59,22.98,1533838185,76,88,7.4
changying,CN,54.18,123.32,52.87,1533838185,98,0,2.59
santa fe,AR,54,-60.7,-31.62,1533838186,74,0,10.2
itoman,JP,84.2,127.67,26.12,1533837360,94,40,6.93
sambava,MG,73.8,50.17,-14.27,1533838186,100,80,21.27
jeremie,HT,86.22,-74.12,18.65,1533838187,90,0,3.71
diego de almagro,CL,71.73,-70.05,-26.39,1533838187,71,0,2.59
ilulissat,GL,39.2,-51.1,69.22,1533837000,93,75,5.82
vila franca do campo,PT,71.6,-25.43,37.72,1533835800,73,20,8.05
broome,GB,57.2,1.45,52.47,1533837360,93,40,5.82
yellowknife,CA,62.6,-114.38,62.45,1533834000,67,40,12.75
brownsville,US,95,-97.49,25.91,1533837180,75,20,4.7
krasnorechenskiy,RU,55.62,135.35,44.63,1533838189,97,12,2.48
abu dhabi,AE,107.6,54.37,24.47,1533834000,47,20,6.93
nome,US,91.4,-94.42,30.04,1533837300,66,75,6.93
kommunisticheskiy,RU,55.98,64.48,61.68,1533838189,64,44,6.51
san patricio,PY,58.41,-56.83,-26.98,1533838189,69,8,5.5
ajaccio,FR,84.2,8.74,41.93,1533837600,62,0,8.05
chiang khong,LA,77,100.41,20.27,1533834000,100,75,5.82
snyder,US,84.2,-100.92,32.72,1533837300,47,1,9.17
teshie,GH,80.6,-0.11,5.58,1533834000,74,20,20.8
clonakilty,IE,60.8,-8.87,51.62,1533837600,59,40,12.75
petrivka,UA,71.46,37.78,48.39,1533838191,40,0,11.54
alma,US,84.2,-99.36,40.1,1533836100,62,1,3.36
mount gambier,AU,58.86,140.78,-37.83,1533838191,53,64,14.56
ranong,TH,79.47,98.62,9.96,1533838192,100,92,16.24
osecina,RS,82.4,19.6,44.37,1533835800,64,0,6.93
lakes entrance,AU,46.44,147.99,-37.88,1533838192,94,0,7.63
loukhi,RU,71.82,33.04,66.08,1533838123,62,92,14
seymchan,RU,47.7,152.39,62.93,1533838193,83,76,3.49
matamoros,US,95,-97.51,25.87,1533837180,75,20,4.7
ambatofinandrahana,MG,47.52,46.8,-20.55,1533838193,80,0,3.04
matcha,RU,59.31,42.35,54.63,1533838193,61,0,5.95
kieta,PG,76.14,155.63,-6.22,1533838194,100,76,3.94
sao filipe,CV,78.84,-24.5,14.9,1533838194,96,36,5.5
nemuro,JP,60.21,145.57,43.32,1533838194,100,100,20.27
long xuyen,VN,76.32,105.43,10.39,1533838194,92,92,9.64
pho chai,TH,74.16,103.77,16.33,1533838194,97,92,8.19
alvaro obregon,MX,85.14,-112.99,30.79,1533838195,76,56,6.51
fonte boa,BR,86.22,-66.09,-2.51,1533838195,86,44,3.6
santa rosa,AR,53.28,-64.29,-36.62,1533838197,49,0,10.2
kutum,SD,75.15,24.66,14.2,1533838197,69,48,3.15
antakya,TR,86,36.17,36.22,1533833400,48,0,10.29
goure,NE,71.28,10.27,13.98,1533838198,100,64,9.53
tateyama,JP,70.11,137.31,36.66,1533838198,100,100,1.14
san vicente,SV,93.2,-88.78,13.64,1533833400,69,0,6.93
talas,TR,75.2,35.55,38.69,1533835200,31,40,10.29
solnechnyy,RU,61.65,136.64,50.72,1533838200,99,20,4.38
ucluelet,CA,57.2,-125.55,48.94,1533834000,100,90,6.93
lima,PE,68.58,-77.04,-12.06,1533838200,74,0,2.93
ilam,IR,82.4,46.42,33.64,1533834000,32,0,2.48
dumas,IN,80.82,72.71,21.09,1533837985,98,88,17.25
datong,CN,58.68,113.3,40.09,1533838201,100,0,2.59
jinchang,CN,62.37,102.19,38.52,1533838201,92,0,3.49
tornio,FI,78.8,27.27,61.12,1533837000,47,0,5.82
rabo de peixe,PT,71.6,-25.58,37.8,1533835800,73,20,8.05
jasper,US,78.8,-87.28,33.83,1533836160,100,24,3.94
popondetta,PG,67.14,148.24,-8.77,1533838203,94,64,1.14
mahajanga,MG,73.4,46.32,-15.72,1533834000,83,0,2.24
sergeyevka,KZ,67.86,67.42,53.88,1533838205,67,68,6.62
bazarnyye mataki,RU,62.73,49.93,54.9,1533838205,86,12,16.69
erzin,TR,86,36.2,36.95,1533835200,54,0,4.7
los llanos de aridane,ES,75.2,-17.92,28.66,1533837600,73,75,17.22
bloemfontein,ZA,48.2,26.22,-29.12,1533834780,93,90,6.93
taoudenni,ML,105.57,-3.98,22.68,1533838206,16,32,4.72
show low,US,80.6,-110.03,34.25,1533836100,39,1,17.22
fez,MA,87.8,-5.02,34.03,1533835800,35,20,10.29
san quintin,PH,73.17,120.52,17.54,1533838207,91,100,7.07
kendal,ID,65.43,110.2,-6.92,1533838208,100,20,2.71
jumla,NP,37.08,82.18,29.28,1533838208,94,68,2.37
njinikom,CM,60.3,10.31,6.23,1533838208,100,92,2.37
gasa,BT,37.62,89.73,27.91,1533838208,89,92,1.03
puerto quijarro,BO,75.2,-57.72,-19,1533834000,33,0,14.99
sandwick,GB,60.8,-2.89,54.57,1533833400,63,20,10.29
gaoua,BF,79.02,-3.18,10.33,1533838209,77,88,9.53
redlands,US,93.2,-117.19,34.06,1533833760,24,20,1.48
aldan,RU,49.59,125.39,58.61,1533838209,100,92,7.74
ancud,CL,48.78,-73.83,-41.87,1533838210,100,92,3.38
lagoa,PT,77,-8.45,37.14,1533835800,57,0,13.87
ballina,IE,57.2,-9.15,54.11,1533837600,62,40,12.75
megion,RU,60.8,76.11,61.04,1533835800,93,90,8.95
matay,EG,87.57,30.79,28.42,1533838211,34,0,8.75
